{
  "project_info": {
    "project_number": "859519687607",
    "firebase_url": "https://squawker-23caf.firebaseio.com",
    "project_id": "squawker-23caf",
    "storage_bucket": "squawker-23caf.appspot.com"
  },
  "client": [
    {
      "client_info": {
        "mobilesdk_app_id": "1:859519687607:android:980fc5c088f0db39db2632",
        "android_client_info": {
          "package_name": "android.example.com.squawker"
        }
      },
      "oauth_client": [
        {
          "client_id": "859519687607-cufk86cid2va2lo1kqifik7d568k4kg9.apps.googleusercontent.com",
          "client_type": 3
        }
      ],
      "api_key": [
        {
          "current_key": "AIzaSyCjcyQywZpffPb0cqUTScVFRTGZW5JdSOE"
        }
      ],
      "services": {
        "appinvite_service": {
          "other_platform_oauth_client": [
            {
              "client_id": "859519687607-cufk86cid2va2lo1kqifik7d568k4kg9.apps.googleusercontent.com",
              "client_type": 3
            }
          ]
        }
      }
    }
  ],
  "configuration_version": "1"
}